Year,Season,NOC,Total_Medals,Gold,Silver,Bronze
2018,Winter,NOR,39,14,14,11
2018,Winter,GER,31,14,10,7
2018,Winter,CAN,29,11,8,10
2018,Winter,USA,23,9,8,6
2018,Winter,NED,20,8,6,6
2018,Winter,SWE,14,7,6,1
2018,Winter,KOR,17,5,8,4
2018,Winter,SUI,15,5,6,4
2018,Winter,FRA,15,5,4,6
2018,Winter,AUT,14,5,3,6
2018,Winter,JPN,13,4,5,4
2018,Winter,ITA,10,3,2,5
2018,Winter,OAR,17,2,6,9
2018,Winter,CZE,7,2,2,3
2018,Winter,BLR,3,2,1,0
2018,Winter,CHN,9,1,6,2
2018,Winter,SVK,3,1,2,0
2018,Winter,FIN,6,1,1,4
2018,Winter,GBR,5,1,0,4
2018,Winter,POL,2,1,0,1
2018,Winter,HUN,1,1,0,0
2018,Winter,UKR,1,1,0,0
2018,Winter,AUS,3,0,2,1
2018,Winter,SLO,2,0,1,1
2018,Winter,BEL,1,0,1,0
2018,Winter,NZL,2,0,0,2
2018,Winter,ESP,2,0,0,2
2018,Winter,KAZ,1,0,0,1
2018,Winter,LAT,1,0,0,1
2018,Winter,LIE,1,0,0,1
2020,Summer,USA,113,39,41,33
2020,Summer,CHN,89,38,32,19
2020,Summer,JPN,58,27,14,17
2020,Summer,GBR,64,22,20,22
2020,Summer,ROC,71,20,28,23
2020,Summer,AUS,46,17,7,22
2020,Summer,NED,36,10,12,14
2020,Summer,FRA,33,10,12,11
2020,Summer,GER,37,10,11,16
2020,Summer,ITA,40,10,10,20
2020,Summer,CAN,24,7,7,10
2020,Summer,BRA,21,7,6,8
2020,Summer,NZL,20,7,6,7
2020,Summer,CUB,15,7,3,5
2020,Summer,HUN,20,6,7,7
2020,Summer,KOR,20,6,4,10
2020,Summer,POL,14,4,5,5
2020,Summer,CZE,11,4,4,3
2020,Summer,KEN,10,4,4,2
2020,Summer,NOR,8,4,2,2
2020,Summer,JAM,9,4,1,4
2020,Summer,ESP,17,3,8,6
2020,Summer,SWE,9,3,6,0
2020,Summer,SUI,13,3,4,6
2020,Summer,DEN,11,3,4,4
2020,Summer,CRO,9,3,3,3
2020,Summer,IRI,7,3,2,2
2020,Summer,SRB,8,3,1,4
2020,Summer,BEL,7,3,1,3
2020,Summer,BUL,6,3,1,2
2020,Summer,SLO,5,3,1,1
2020,Summer,UZB,5,3,0,2
2020,Summer,GEO,8,2,5,1
2020,Summer,TPE,12,2,4,6
2020,Summer,TUR,13,2,2,9
2020,Summer,GRE,4,2,1,1
2020,Summer,UGA,4,2,1,1
2020,Summer,ECU,3,2,1,0
2020,Summer,IRL,4,2,0,2
2020,Summer,ISR,4,2,0,2
2020,Summer,QAT,3,2,0,1
2020,Summer,BAH,2,2,0,0
2020,Summer,KOS,2,2,0,0
2020,Summer,UKR,19,1,6,12
2020,Summer,BLR,7,1,3,3
2020,Summer,ROU,4,1,3,0
2020,Summer,VEN,4,1,3,0
2020,Summer,IND,7,1,2,4
2020,Summer,HKG,6,1,2,3
2020,Summer,PHI,4,1,2,1
2020,Summer,SVK,4,1,2,1
2020,Summer,RSA,3,1,2,0
2020,Summer,AUT,7,1,1,5
2020,Summer,EGY,6,1,1,4
2020,Summer,INA,5,1,1,3
2020,Summer,ETH,4,1,1,2
2020,Summer,POR,4,1,1,2
2020,Summer,TUN,2,1,1,0
2020,Summer,EST,2,1,0,1
2020,Summer,FIJ,2,1,0,1
2020,Summer,LAT,2,1,0,1
2020,Summer,THA,2,1,0,1
2020,Summer,BER,1,1,0,0
2020,Summer,MAR,1,1,0,0
2020,Summer,PUR,1,1,0,0
2020,Summer,COL,5,0,4,1
2020,Summer,AZE,7,0,3,4
2020,Summer,DOM,5,0,3,2
2020,Summer,ARM,4,0,2,2
2020,Summer,KGZ,3,0,2,1
2020,Summer,MGL,4,0,1,3
2020,Summer,ARG,3,0,1,2
2020,Summer,SMR,3,0,1,2
2020,Summer,JOR,2,0,1,1
2020,Summer,MAS,2,0,1,1
2020,Summer,NGR,2,0,1,1
2020,Summer,BRN,1,0,1,0
2020,Summer,LTU,1,0,1,0
2020,Summer,NAM,1,0,1,0
2020,Summer,MKD,1,0,1,0
2020,Summer,KSA,1,0,1,0
2020,Summer,TKM,1,0,1,0
2020,Summer,KAZ,8,0,0,8
2020,Summer,MEX,4,0,0,4
2020,Summer,FIN,2,0,0,2
2020,Summer,BOT,1,0,0,1
2020,Summer,BUR,1,0,0,1
2020,Summer,GHA,1,0,0,1
2020,Summer,GRN,1,0,0,1
2020,Summer,CIV,1,0,0,1
2020,Summer,KUW,1,0,0,1
2020,Summer,MDA,1,0,0,1
2020,Summer,SYR,1,0,0,1
2022,Winter,NOR,37,16,8,13
2022,Winter,GER,27,12,10,5
2022,Winter,USA,25,9,9,7
2022,Winter,CHN,15,9,4,2
2022,Winter,SWE,18,8,5,5
2022,Winter,NED,17,8,5,4
2022,Winter,AUT,18,7,7,4
2022,Winter,SUI,15,7,2,6
2022,Winter,ROC,32,5,12,15
2022,Winter,FRA,14,5,7,2
2022,Winter,CAN,26,4,8,14
2022,Winter,JPN,18,3,7,8
2022,Winter,ITA,17,2,7,8
2022,Winter,KOR,9,2,5,2
2022,Winter,SLO,7,2,3,2
2022,Winter,FIN,8,2,2,4
2022,Winter,NZL,3,2,1,0
2022,Winter,AUS,4,1,2,1
2022,Winter,GBR,2,1,1,0
2022,Winter,HUN,3,1,0,2
2022,Winter,BEL,2,1,0,1
2022,Winter,CZE,2,1,0,1
2022,Winter,SVK,2,1,0,1
2022,Winter,BLR,2,0,2,0
2022,Winter,ESP,1,0,1,0
2022,Winter,UKR,1,0,1,0
2022,Winter,EST,1,0,0,1
2022,Winter,LAT,1,0,0,1
2022,Winter,POL,1,0,0,1
2024,Summer,USA,126,40,44,42
2024,Summer,CHN,91,40,27,24
2024,Summer,JPN,45,20,12,13
2024,Summer,AUS,53,18,19,16
2024,Summer,FRA,64,16,26,22
2024,Summer,NED,34,15,7,12
2024,Summer,GBR,65,14,22,29
2024,Summer,KOR,32,13,9,10
2024,Summer,ITA,40,12,13,15
2024,Summer,GER,33,12,13,8
2024,Summer,NZL,20,10,7,3
2024,Summer,CAN,27,9,7,11
2024,Summer,UZB,13,8,2,3
2024,Summer,HUN,19,6,7,6
2024,Summer,ESP,18,5,4,9
2024,Summer,SWE,11,4,4,3
2024,Summer,KEN,11,4,2,5
2024,Summer,NOR,8,4,1,3
2024,Summer,IRL,7,4,0,3
2024,Summer,BRA,20,3,7,10
2024,Summer,IRI,12,3,6,3
2024,Summer,UKR,12,3,5,4
2024,Summer,ROU,9,3,4,2
2024,Summer,GEO,7,3,3,1
2024,Summer,BEL,10,3,1,6
2024,Summer,BUL,7,3,1,3
2024,Summer,SRB,5,3,1,1
2024,Summer,CZE,5,3,0,2
2024,Summer,DEN,9,2,2,5
2024,Summer,AZE,7,2,2,3
2024,Summer,CRO,7,2,2,3
2024,Summer,CUB,9,2,1,6
2024,Summer,BRN,4,2,1,1
2024,Summer,SLO,3,2,1,0
2024,Summer,TPE,7,2,0,5
2024,Summer,AUT,5,2,0,3
2024,Summer,HKG,4,2,0,2
2024,Summer,PHI,4,2,0,2
2024,Summer,ALG,3,2,0,1
2024,Summer,INA,3,2,0,1
2024,Summer,ISR,7,1,5,1
2024,Summer,POL,10,1,4,5
2024,Summer,KAZ,7,1,3,3
2024,Summer,JAM,6,1,3,2
2024,Summer,RSA,6,1,3,2
2024,Summer,THA,6,1,3,2
2024,Summer,AIN,5,1,3,1
2024,Summer,ETH,4,1,3,0
2024,Summer,SUI,8,1,2,5
2024,Summer,ECU,5,1,2,2
2024,Summer,POR,4,1,2,1
2024,Summer,GRE,8,1,1,6
2024,Summer,ARG,3,1,1,1
2024,Summer,EGY,3,1,1,1
2024,Summer,TUN,3,1,1,1
2024,Summer,BOT,2,1,1,0
2024,Summer,CHI,2,1,1,0
2024,Summer,LCA,2,1,1,0
2024,Summer,UGA,2,1,1,0
2024,Summer,DOM,3,1,0,2
2024,Summer,GUA,2,1,0,1
2024,Summer,MAR,2,1,0,1
2024,Summer,DMA,1,1,0,0
2024,Summer,PAK,1,1,0,0
2024,Summer,TUR,8,0,3,5
2024,Summer,MEX,5,0,3,2
2024,Summer,ARM,4,0,3,1
2024,Summer,COL,4,0,3,1
2024,Summer,KGZ,6,0,2,4
2024,Summer,PRK,6,0,2,4
2024,Summer,LTU,4,0,2,2
2024,Summer,IND,6,0,1,5
2024,Summer,MDA,4,0,1,3
2024,Summer,KOS,2,0,1,1
2024,Summer,CYP,1,0,1,0
2024,Summer,FIJ,1,0,1,0
2024,Summer,JOR,1,0,1,0
2024,Summer,MGL,1,0,1,0
2024,Summer,PAN,1,0,1,0
2024,Summer,TJK,3,0,0,3
2024,Summer,ALB,2,0,0,2
2024,Summer,GRN,2,0,0,2
2024,Summer,MAS,2,0,0,2
2024,Summer,PUR,2,0,0,2
2024,Summer,CPV,1,0,0,1
2024,Summer,CIV,1,0,0,1
2024,Summer,PER,1,0,0,1
2024,Summer,QAT,1,0,0,1
2024,Summer,EOR,1,0,0,1
2024,Summer,SGP,1,0,0,1
2024,Summer,SVK,1,0,0,1
2024,Summer,ZAM,1,0,0,1
2026,Winter,NOR,41,18,12,11
2026,Winter,USA,33,12,12,9
2026,Winter,NED,20,10,7,3
2026,Winter,ITA,30,10,6,14
2026,Winter,GER,26,8,10,8
2026,Winter,FRA,23,8,9,6
2026,Winter,SWE,18,8,6,4
2026,Winter,SUI,23,6,9,8
2026,Winter,AUT,18,5,8,5
2026,Winter,JPN,24,5,7,12
2026,Winter,CAN,21,5,7,9
2026,Winter,CHN,15,5,4,6
2026,Winter,KOR,10,3,4,3
2026,Winter,AUS,6,3,2,1
2026,Winter,GBR,5,3,1,1
2026,Winter,CZE,5,2,2,1
2026,Winter,SLO,4,2,1,1
2026,Winter,ESP,3,1,0,2
2026,Winter,BRA,1,1,0,0
2026,Winter,KAZ,1,1,0,0
2026,Winter,GEO,1,0,0,1